ScientistName,preparation,date,components,login,password
Ланчеков Алексей Тимофеевич,Зылорик,1489-05-21,Chemical_63 Chemical_71 Chemical_40,Ланчеков_АТ,tq9lNEnuwR
Ампипогов Михаил Юрьевич,Иммунивит,1664-02-17,Chemical_100 Chemical_6 Chemical_44,Ампипогов_МЮ,gmiPuqCupn
Тюлюлюева Анна Яковлевна,Нитросорбид,1827-09-25,Chemical_18 Chemical_69 Chemical_93,Тюлюлюева_АЯ,w74fLWFV7n
Неветруева Елена Эдуардовна,Гидрохлоротиазид,0902-11-21,Chemical_15 Chemical_82 Chemical_21,Неветруева_ЕЭ,8OTm4el82w
Курочкин Руслан Аркадиевич,Золедроновая кислота,1389-01-05,Chemical_44 Chemical_62 Chemical_73,Курочкин_РА,wX18m98PFx
Рутковский Антон Кириллович,Бактрим,1327-01-22,Chemical_19 Chemical_27 Chemical_68,Рутковский_АК,7sjrgbn8bs
Шабунов Юрий Алексиевич,Парацетамол,0970-10-22,Chemical_41 Chemical_31 Chemical_39,Шабунов_ЮА,wBtyhEXVwg
Кожетев Максим Аркадиевич,Алпразолам,1743-04-03,Chemical_26 Chemical_76 Chemical_16,Кожетев_МА,P2R37ZXLBe
Хусаинов Антон Алексеевич,Росувастатин,0949-06-08,Chemical_89 Chemical_77 Chemical_35,Хусаинов_АА,3l4QFBcley
Вендеров Никита Тимофеевич,Витамин С,1119-02-24,Chemical_43 Chemical_97 Chemical_3,Вендеров_НТ,L7ScoqBmMB
Дергунская Яна Эдуардовна,Колчицин,1909-04-19,Chemical_70 Chemical_7 Chemical_23,Дергунская_ЯЭ,dDZehusyDW
Заботнов Анатолий Максимович,Тианептин,1454-04-22,Chemical_75 Chemical_98 Chemical_63,Заботнов_АМ,7I8oAG8VoY
Рубинов Руслан Иванович,Рамиприл,1276-02-24,Chemical_38 Chemical_46 Chemical_16,Рубинов_РИ,2EqFDCAquT
Крючатов Ярослав Антонович,Миртазапин,1734-03-17,Chemical_51 Chemical_64 Chemical_70,Крючатов_ЯА,ag1QsF51fx
Жебракова Полина Игоревна,Бисопролол,1886-02-19,Chemical_87 Chemical_27 Chemical_19,Жебракова_ПИ,8jZPAcHwsx
Данивецкая Виолетта Эдуардовна,Золедроновая кислота,1451-11-13,Chemical_37 Chemical_65 Chemical_92,Данивецкая_ВЭ,j78sfcwaIV
Мятлев Георгий Денисович,Азитромицин,1987-08-26,Chemical_16 Chemical_14 Chemical_48,Мятлев_ГД,JgpbrvjDIO
Нетунаев Руслан Петрович,Клопидогрел,1969-06-01,Chemical_99 Chemical_87 Chemical_25,Нетунаев_РП,ubkzke0TKh
Аранышев Иван Юрьевич,Тианептин,1035-08-27,Chemical_56 Chemical_60 Chemical_53,Аранышев_ИЮ,4m5ixo6FZL
Курмелев Леонид Николаевич,Спазмалгон,1543-08-10,Chemical_44 Chemical_43 Chemical_15,Курмелев_ЛН,ZOIoiAOCdm
Арончикова Вероника Викторовна,Живина,2000-01-25,Chemical_22 Chemical_91 Chemical_60,Арончикова_ВВ,IMaLR04l3x
Гизулина Галина Ивановна,Омепразол,1875-10-22,Chemical_9 Chemical_3 Chemical_59,Гизулина_ГИ,qTJ0ChrdkK
Мразевский Артём Викторович,Диклофенак,1450-12-12,Chemical_98 Chemical_9 Chemical_50,Мразевский_АВ,YTfTIO6Uig
Окладнова Алена Максимовна,Агонал,1765-03-28,Chemical_26 Chemical_32 Chemical_27,Окладнова_АМ,lvth8GBBti
Курыпина Анастасия Валерьевна,Золекс,1663-06-14,Chemical_1 Chemical_94 Chemical_63,Курыпина_АВ,XrjCxLTkFQ
Алтамонов Борис Аркадиевич,Оланзапин,1215-11-17,Chemical_57 Chemical_81 Chemical_21,Алтамонов_БА,ZCpcHx7wYC
Бардаева Анна Михайловна,Пароксетин,1368-03-04,Chemical_20 Chemical_65 Chemical_42,Бардаева_АМ,RdMUaZRDKX
Родных Игорь Михаилович,Валидол,1123-03-07,Chemical_77 Chemical_45 Chemical_100,Родных_ИМ,A7axMjiQsR
Маговский Константин Юриевич,Ацетилсалициловая кислота,1315-08-02,Chemical_73 Chemical_92 Chemical_9,Маговский_КЮ,lNnSHYYOAD
Гергиев Олег Кириллович,Омепразол,1333-04-12,Chemical_6 Chemical_93 Chemical_45,Гергиев_ОК,QzWfMSPCxL
Русалина Дарья Алексеевна,Ибупрофен,1390-11-03,Chemical_26 Chemical_30 Chemical_82,Русалина_ДА,t35KiUK6nZ
Бухтулова Виктория Алексеевна,Бромгексин,1408-11-08,Chemical_72 Chemical_8 Chemical_45,Бухтулова_ВА,z6dJExgEl5
Сабаткоев Федор Викторович,Нимесулид,1531-01-04,Chemical_55 Chemical_67 Chemical_74,Сабаткоев_ФВ,9LHonaiT74
Шмитов Никита Игоревич,Левофлоксацин,1817-07-04,Chemical_41 Chemical_81 Chemical_61,Шмитов_НИ,O9oo04SL0w
Стенцова Лиза Петровна,Диклофенак,1261-11-17,Chemical_65 Chemical_13 Chemical_29,Стенцова_ЛП,YwsXbOqugZ
Ярычевский Максим Евгеньевич,Глюкозамин,1106-01-17,Chemical_34 Chemical_86 Chemical_88,Ярычевский_МЕ,8c6blfXa4x
Шкваркин Федор Юрьевич,Тианептин,0929-07-27,Chemical_67 Chemical_56 Chemical_43,Шкваркин_ФЮ,5manJNC0Hv
Магусумова Ирина Олеговна,Дикарбазин,0991-07-16,Chemical_51 Chemical_15 Chemical_2,Магусумова_ИО,N8WJvQ4xv9
Шаморкина Галина Федоровна,Кладрибин,1633-08-02,Chemical_61 Chemical_62 Chemical_48,Шаморкина_ГФ,51gypcRjyI
Цицеров Альберт Антонович,Небиволол,1820-01-05,Chemical_6 Chemical_48 Chemical_7,Цицеров_АА,CyqExJKliC
Улерьянова Ксения Евгеньевна,Диклофенак,1523-11-17,Chemical_1 Chemical_14 Chemical_96,Улерьянова_КЕ,aqfHkiVp4S
Ханмурзина Карина Игоревна,Енап,1309-08-18,Chemical_21 Chemical_1 Chemical_34,Ханмурзина_КИ,fEuhgE3P87
Гарская Евгения Никитична,Пилипен,1983-11-20,Chemical_2 Chemical_15 Chemical_11,Гарская_ЕН,8OaNRqITcE
Гнетнев Григорий Денисович,Евалар солгар мультивитамини,1074-07-16,Chemical_12 Chemical_69 Chemical_99,Гнетнев_ГД,XCarzRFIQM
Бельцов Алексей Яковлевич,Ретардин,2011-04-09,Chemical_2 Chemical_23 Chemical_92,Бельцов_АЯ,u5p8MWR5Jg
Федурин Владимир Алексеевич,Амитриптилин,0982-10-20,Chemical_5 Chemical_75 Chemical_78,Федурин_ВА,jH71yLDu5p
Акацков Анатолий Кириллович,Бетаин,1567-02-19,Chemical_73 Chemical_17 Chemical_48,Акацков_АК,ToOmB7BKvj
Кумакова Жанна Борисовна,Лоразепам,1605-07-21,Chemical_70 Chemical_36 Chemical_6,Кумакова_ЖБ,ismpe1HxnH
Кобызева Ольга Андреевна,Лантус,1198-01-23,Chemical_25 Chemical_64 Chemical_89,Кобызева_ОА,UTtUwvnjrJ
Кимятов Владимир Евгеньевич,Дектанол,1854-12-15,Chemical_43 Chemical_98 Chemical_34,Кимятов_ВЕ,p1cPFBfFb9
Милавина Виолетта Аркадьевна,Росувастатин,1215-12-04,Chemical_40 Chemical_57 Chemical_47,Милавина_ВА,LscKlE24rK
Манетов Павел Павлович,Бисакодил,0969-07-05,Chemical_11 Chemical_13 Chemical_51,Манетов_ПП,WBUELhPklw
Сайдакова Людмила Вадимовна,Мелоксикам,1620-02-12,Chemical_3 Chemical_23 Chemical_56,Сайдакова_ЛВ,J6RXLOTzvL
Туржанский Семён Антонович,Уоллтапс,1042-06-13,Chemical_18 Chemical_78 Chemical_92,Туржанский_СА,PqKC8NvQdb
Цыпушкина Елена Андреевна,Енап,1837-04-20,Chemical_77 Chemical_69 Chemical_1,Цыпушкина_ЕА,lCJHNuxUTH
Лунарева Ксения Алексеевна,Ранитидин,1382-08-04,Chemical_10 Chemical_97 Chemical_88,Лунарева_КА,3IlS8RXVKx
Ивлюшин Георгий Николаевич,Амоксициллин,1202-01-01,Chemical_85 Chemical_54 Chemical_72,Ивлюшин_ГН,qQYNkqvhOL
Гудашов Юрий Алексиевич,Ибупрофен,1736-03-19,Chemical_7 Chemical_9 Chemical_40,Гудашов_ЮА,TjfNcdDJb4
Чачкин Владислав Денисович,Небиволол,1474-01-02,Chemical_85 Chemical_98 Chemical_94,Чачкин_ВД,nkOWrIooPc
Тайдаков Виталий Романович,Габапентин,1154-10-13,Chemical_10 Chemical_61 Chemical_4,Тайдаков_ВР,o10gAarL3g
Бояршинов Алексей Адамович,Ингавирин,1907-06-08,Chemical_32 Chemical_35 Chemical_22,Бояршинов_АА,8fn13HgpOf
Докшукина Оксана Петровна,Пилипен,1491-03-01,Chemical_93 Chemical_32 Chemical_8,Докшукина_ОП,V8UvpuH11D
Бганцева Клавдия Егоровна,Левофлоксацин,1306-02-15,Chemical_18 Chemical_16 Chemical_12,Бганцева_КЕ,yT3wpzQ7Zg
Чубокова Виолетта Валерьевна,Бактрим,1103-03-12,Chemical_6 Chemical_72 Chemical_15,Чубокова_ВВ,gNrURVV64l
Голощапов Станислав Яковлевич,Азитромицин,1419-08-05,Chemical_17 Chemical_73 Chemical_39,Голощапов_СЯ,RxcJCbSL1q
Лукьянцев Эдуард Евгеньевич,Оксикодон,1320-05-12,Chemical_40 Chemical_66 Chemical_81,Лукьянцев_ЭЕ,zS8QGcA8Pz
Мазаркина Инна Сергеевна,Урсофальк,1174-11-25,Chemical_96 Chemical_27 Chemical_81,Мазаркина_ИС,P7M0SHmaQx
Иманалин Борис Кириллович,Сульфасалазин,1684-08-28,Chemical_53 Chemical_71 Chemical_80,Иманалин_БК,d2v1jgcuLb
Поканкина Марина Михайловна,Глюкозамин,1008-12-26,Chemical_2 Chemical_85 Chemical_55,Поканкина_ММ,7kW11g1nRZ
Такинова Жанна Эдуардовна,Тикалиптин,1257-06-04,Chemical_2 Chemical_60 Chemical_35,Такинова_ЖЭ,FftOrHs9wX
Клецкина Виктория Яковлевна,Ёжик,1800-08-04,Chemical_32 Chemical_18 Chemical_21,Клецкина_ВЯ,qZaGotjqDT
Космынин Константин Павлович,Мидокалм,1380-09-07,Chemical_63 Chemical_19 Chemical_25,Космынин_КП,V52YCMO7NJ
Курцапов Виктор Иванович,Витамин С,1104-12-05,Chemical_11 Chemical_22 Chemical_63,Курцапов_ВИ,xThL3YvVOM
Шарафанова Виктория Егоровна,Протоник,1004-04-20,Chemical_9 Chemical_97 Chemical_88,Шарафанова_ВЕ,tEl6m6byHt
Лушаков Руслан Василиевич,Омепразол,1128-03-25,Chemical_12 Chemical_17 Chemical_62,Лушаков_РВ,jr8LEWStdU
Балченкова Оксана Вадимовна,Ранитидин,1438-04-13,Chemical_9 Chemical_16 Chemical_4,Балченкова_ОВ,fQWOQ1GQVA
Комаровцев Михаил Максимович,Оксикодон,1424-12-02,Chemical_6 Chemical_45 Chemical_21,Комаровцев_ММ,A5wnLa59os
Машурцева Алена Кирилловна,Левотироксин,1548-02-02,Chemical_42 Chemical_6 Chemical_92,Машурцева_АК,3nLmGMt3wd
Алшибекова Вероника Леонидовна,Преднизолон,1231-04-18,Chemical_64 Chemical_29 Chemical_68,Алшибекова_ВЛ,0q4JxeUcoP
Карликов Федор Викторович,Ацетилсалициловая кислота,1340-05-22,Chemical_56 Chemical_36 Chemical_38,Карликов_ФВ,CHoi0DZ9Ie
Махначев Павел Максимович,Урсофальк,0903-09-18,Chemical_33 Chemical_5 Chemical_47,Махначев_ПМ,NPLkvw4ujV
Мухоткин Валентин Кириллович,Пилипен,1051-12-04,Chemical_41 Chemical_17 Chemical_15,Мухоткин_ВК,vE0zPwTDto
Ведмедова Раиса Дмитриевна,Бетаин,1312-08-23,Chemical_78 Chemical_84 Chemical_23,Ведмедова_РД,mEst2D1Gdk
Отовина Любовь Игоревна,Индометацин,1600-11-20,Chemical_44 Chemical_90 Chemical_85,Отовина_ЛИ,7teFhcgsRx
Алавердиев Степан Олегович,Росувастатин,1710-06-20,Chemical_8 Chemical_73 Chemical_53,Алавердиев_СО,sayE8ELfL7
Хотькова Виктория Игоревна,Сертралин,1015-01-18,Chemical_77 Chemical_22 Chemical_2,Хотькова_ВИ,HNxITurNWt
Болхова Яна Никитична,Валидол,1988-08-09,Chemical_27 Chemical_66 Chemical_94,Болхова_ЯН,Mkqf37KlSu
Савыкин Геннадий Георгиевич,Тианептин,1002-05-22,Chemical_46 Chemical_14 Chemical_72,Савыкин_ГГ,e5cNWhGw01
Бобова Марина Вадимовна,Виагра,1968-03-15,Chemical_33 Chemical_16 Chemical_31,Бобова_МВ,gLCfwrDcyk
Будрецова Клавдия Вадимовна,Сертралин,1664-01-24,Chemical_61 Chemical_38 Chemical_92,Будрецова_КВ,TI8AIgEV7t
Мятов Алексей Юриевич,Рамиприл,1425-08-18,Chemical_72 Chemical_56 Chemical_10,Мятов_АЮ,DOSFTZCcap
Кувецкая Валерия Леонидовна,Гидрохлоротиазид,1422-08-22,Chemical_17 Chemical_69 Chemical_59,Кувецкая_ВЛ,BUxfIPI0Kh
Буралкина Екатерина Аркадьевна,Омега-3 кислоты,1873-05-13,Chemical_72 Chemical_28 Chemical_90,Буралкина_ЕА,5Cw0ughUTT
Хихеткин Артур Евгеньевич,Азитромицин,1705-12-14,Chemical_39 Chemical_80 Chemical_63,Хихеткин_АЕ,fy1R8G5OgS
Майоркин Николай Фёдорович,Бисакодил,1587-07-04,Chemical_8 Chemical_2 Chemical_54,Майоркин_НФ,eD5JeQIYSz
Кудисов Леонид Фёдорович,Триптаны,1862-02-05,Chemical_14 Chemical_99 Chemical_4,Кудисов_ЛФ,tvaUAhZ1M6
Калмыков Эдуард Георгиевич,Лоразепам,1256-01-24,Chemical_59 Chemical_99 Chemical_20,Калмыков_ЭГ,6rRmzQDMQ8
Бетова Наталья Василевна,Дектанол,1422-04-20,Chemical_38 Chemical_61 Chemical_89,Бетова_НВ,rejvlPGyWR
Искуснова Алла Максимовна,Золедроновая кислота,1269-06-24,Chemical_80 Chemical_10 Chemical_51,Искуснова_АМ,PUJCib2zf3
Ващугина Надежда Петровна,Метформин,1166-02-10,Chemical_11 Chemical_45 Chemical_38,Ващугина_НП,PxtEsOM4Wi
Каинкова Виктория Валерьевна,Амлодипин,1718-05-07,Chemical_3 Chemical_98 Chemical_89,Каинкова_ВВ,JyfzXXyvyt
Заиров Кирилл Максимович,Пропанолол,1288-01-06,Chemical_27 Chemical_70 Chemical_95,Заиров_КМ,XbSBEh6a41
Хайзникова Дарья Сергеевна,Пилипен,1987-10-10,Chemical_97 Chemical_82 Chemical_99,Хайзникова_ДС,rUeJ82TLWO
Литвинцов Степан Яковлевич,Ниссан,1343-04-25,Chemical_57 Chemical_33 Chemical_36,Литвинцов_СЯ,JcTTAikYzf
Кушаев Геннадий Игоревич,Диклофенак,1001-05-07,Chemical_16 Chemical_48 Chemical_94,Кушаев_ГИ,6Xs678YU4L
Шинякова Светлана Егоровна,Зинорам,1157-11-16,Chemical_26 Chemical_5 Chemical_8,Шинякова_СЕ,YySKlvOBPV
Федулин Альберт Иванович,Амоксиклав,1063-06-15,Chemical_78 Chemical_30 Chemical_55,Федулин_АИ,iGwZgrsBwt
Одноценова Мария Василевна,Бактрим,1426-04-13,Chemical_14 Chemical_19 Chemical_45,Одноценова_МВ,E4hbHmMzgy
Любарцев Борис Викторович,Амитриптилин,1655-01-24,Chemical_81 Chemical_12 Chemical_93,Любарцев_БВ,GbdobzDn8P
Османова Екатерина Егоровна,Миртазапин,1509-03-03,Chemical_96 Chemical_72 Chemical_69,Османова_ЕЕ,OSpciPC916
Потрягина Кристина Романовна,Пропанолол,1060-03-02,Chemical_58 Chemical_14 Chemical_83,Потрягина_КР,0cMBd4fMgg
Балуев Семён Антонович,Норматен,1662-11-07,Chemical_95 Chemical_58 Chemical_71,Балуев_СА,IZjMDj7NkH
Екимовский Владислав Фёдорович,Венолайфт,0926-06-22,Chemical_59 Chemical_56 Chemical_77,Екимовский_ВФ,dVz5nKJGIU
Шпанина Маргарита Максимовна,Пентоксифиллин,1432-09-20,Chemical_12 Chemical_22 Chemical_37,Шпанина_ММ,1wcZCe4HXi
Пошнагова Юлия Кирилловна,Железа препараты,1815-11-04,Chemical_61 Chemical_38 Chemical_2,Пошнагова_ЮК,zMUZqbtamb
Кудинкова Ирина Михайловна,Кандесартан,1580-12-23,Chemical_90 Chemical_100 Chemical_60,Кудинкова_ИМ,ubRFooeWsX
Водоморина Софья Яковлевна,Метопролол,1599-06-03,Chemical_33 Chemical_79 Chemical_68,Водоморина_СЯ,ZWk6dzE3q2
Липезина Анна Алексеевна,Тианептин,1244-04-02,Chemical_17 Chemical_84 Chemical_70,Липезина_АА,8VxNpWGlRf
Илалов Тарас Яковлевич,Допамин,1025-05-04,Chemical_51 Chemical_21 Chemical_67,Илалов_ТЯ,oK3BYMDskt
Лакушова Тамара Ивановна,Бетаин,1016-09-01,Chemical_91 Chemical_90 Chemical_42,Лакушова_ТИ,s3HTB562m4
Ярмизина Алиса Богдановна,Живина,1120-09-19,Chemical_11 Chemical_15 Chemical_69,Ярмизина_АБ,Z0N1PNjfqJ
Зулков Станислав Антонович,Валацикловир,1630-11-10,Chemical_7 Chemical_61 Chemical_87,Зулков_СА,nOmbwk5vrA
Кочурин Евгений Данилович,Транексамовая кислота,1574-01-11,Chemical_97 Chemical_25 Chemical_5,Кочурин_ЕД,JA22wDjgwK
Череватова Вероника Вадимовна,Кандесартан,0998-12-19,Chemical_39 Chemical_85 Chemical_90,Череватова_ВВ,fFY4S55r3Y
Курьянская Любовь Федоровна,Железа препараты,1432-03-23,Chemical_31 Chemical_72 Chemical_15,Курьянская_ЛФ,v6hY8WMSsI
Бачалдина Яна Максимовна,Урсофальк,1492-06-18,Chemical_16 Chemical_96 Chemical_33,Бачалдина_ЯМ,jPN58MXzfZ
Наруцкая Катерина Андреевна,Венолайфт,0951-01-04,Chemical_84 Chemical_47 Chemical_3,Наруцкая_КА,aY2YWDH24O
Набилкова Софья Борисовна,Дексаметазон,1625-08-25,Chemical_6 Chemical_96 Chemical_4,Набилкова_СБ,6PXDgEEAco
Меркулов Андрей Аркадиевич,Мелоксикам,1905-09-07,Chemical_46 Chemical_74 Chemical_56,Меркулов_АА,ggTfyn6ckw
Скитский Вадим Викторович,Лоразепам,1725-10-11,Chemical_14 Chemical_81 Chemical_84,Скитский_ВВ,aZUz1jXL4h
Шаульская Надежда Максимовна,Дектанол,1077-04-05,Chemical_27 Chemical_31 Chemical_39,Шаульская_НМ,tYYjYBKrTt
Распевин Константин Валериевич,Гидрохлоротиазид,1634-09-05,Chemical_31 Chemical_94 Chemical_68,Распевин_КВ,fB7sfu3eD9
Агешкин Александр Романович,Бетаметазон,1403-04-27,Chemical_97 Chemical_18 Chemical_58,Агешкин_АР,HBhPcDVerK
Хайдина Маргарита Алексеевна,Бромгексин,1448-08-07,Chemical_71 Chemical_18 Chemical_99,Хайдина_МА,m6eVAV5Ic1
Духиева Алла Никитична,Гидрохлоротиазид,1163-04-13,Chemical_64 Chemical_11 Chemical_44,Духиева_АН,IZN6j2FIHF
Щуринова Ольга Вадимовна,Валацикловир,1171-09-14,Chemical_1 Chemical_26 Chemical_84,Щуринова_ОВ,0Y7ZZV4IGc
Кеплина Наталия Борисовна,Витамин С,1811-03-23,Chemical_49 Chemical_75 Chemical_27,Кеплина_НБ,UWpiviI17t
Шелмаков Георгий Николаевич,Золаир,1188-05-12,Chemical_93 Chemical_31 Chemical_58,Шелмаков_ГН,FKEMz0qXpH
Лошадина Екатерина Евгеньевна,Жасмин,1783-12-14,Chemical_11 Chemical_44 Chemical_39,Лошадина_ЕЕ,BKd92VbFCO
Ароматова Анастасия Максимовна,Железа препараты,1239-07-25,Chemical_47 Chemical_7 Chemical_75,Ароматова_АМ,Kn5pIbz6fT
Голыбина Оксана Михайловна,Евалар солгар мультивитамини,2022-02-08,Chemical_100 Chemical_14 Chemical_94,Голыбина_ОМ,hQ4gfU7UCG
Кувыршина Валерия Игоревна,Золекс,1630-01-01,Chemical_64 Chemical_71 Chemical_27,Кувыршина_ВИ,9TijelXaOz
Хитьков Анатолий Петрович,Аллопуринол,1519-07-04,Chemical_87 Chemical_96 Chemical_19,Хитьков_АП,Tckt60Czca
Шибилкин Яков Кириллович,Антациды,1518-10-06,Chemical_83 Chemical_15 Chemical_80,Шибилкин_ЯК,SrYmeLdJJu
Кереметин Вячеслав Тимофеевич,Зинорам,1637-04-21,Chemical_83 Chemical_25 Chemical_38,Кереметин_ВТ,Npvgph9QHE
Брокина Дарья Олеговна,Ацетилсалициловая кислота,1327-01-03,Chemical_8 Chemical_68 Chemical_90,Брокина_ДО,hb72io1OHL
Ачин Герасим Данилович,Гидрохлоротиазид,1014-01-22,Chemical_18 Chemical_70 Chemical_37,Ачин_ГД,DhbYUEDmdr
Тановицкий Тарас Виталиевич,Тикалиптин,1762-03-15,Chemical_55 Chemical_91 Chemical_31,Тановицкий_ТВ,740LN0KxH9
Беломожнов Михаил Романович,Левотироксин,1072-09-24,Chemical_46 Chemical_12 Chemical_12,Беломожнов_МР,1U7tUiZhj5
Хорошилин Кирилл Фёдорович,Мезим,1820-07-08,Chemical_16 Chemical_44 Chemical_52,Хорошилин_КФ,IjC0o1JIsq
Киржанкова Алиса Вадимовна,Виалар,1652-12-11,Chemical_76 Chemical_49 Chemical_89,Киржанкова_АВ,y6qHy3LIpZ
Цуканов Иван Иванович,Венолайфт,1674-07-26,Chemical_9 Chemical_26 Chemical_26,Цуканов_ИИ,O5rIexsPAH
Потешных Дмитрий Иванович,Колчицин,1097-08-05,Chemical_97 Chemical_4 Chemical_22,Потешных_ДИ,bsOjVHzHJH
Суряднова Виолетта Богдановна,Протоник,1700-07-01,Chemical_88 Chemical_25 Chemical_95,Суряднова_ВБ,KBuj8D22IT
Кажайкина Карина Эдуардовна,Парацетамол,1254-11-19,Chemical_52 Chemical_10 Chemical_70,Кажайкина_КЭ,wsX249yC7Z
Рабовский Дмитрий Яковлевич,Витамин С,0924-02-08,Chemical_35 Chemical_80 Chemical_55,Рабовский_ДЯ,YP0D0Rfrgs
Едамов Аркадий Тимофеевич,Амоксициллин,1567-10-19,Chemical_10 Chemical_40 Chemical_23,Едамов_АТ,tDex8IPyIO
Столбова София Василевна,Атенолол,0940-07-17,Chemical_47 Chemical_34 Chemical_45,Столбова_СВ,AecFALcFiM
Смаркин Семён Андреевич,Золаир,1973-12-11,Chemical_66 Chemical_71 Chemical_50,Смаркин_СА,O96YUt0Xac
Колтакова Алиса Максимовна,Иммунивит,1056-07-16,Chemical_52 Chemical_1 Chemical_80,Колтакова_АМ,Y8hjJ1Kcrr
Фимошина Виктория Романовна,Левотироксин,1814-03-23,Chemical_72 Chemical_3 Chemical_59,Фимошина_ВР,Xrtn7xzm6R
Крыницкий Владимир Борисович,Омепразол,0959-10-21,Chemical_4 Chemical_20 Chemical_41,Крыницкий_ВБ,k7S3MyTgEy
Косых Жанна Михайловна,Пентоксифиллин,1449-09-05,Chemical_87 Chemical_89 Chemical_72,Косых_ЖМ,kgWvZWXn42
Кваснинов Кирилл Адамович,Ретардин,1267-09-14,Chemical_22 Chemical_11 Chemical_68,Кваснинов_КА,kCJ6UJFpH4
Чундерова Катерина Никитична,Колчицин,1755-10-02,Chemical_68 Chemical_17 Chemical_74,Чундерова_КН,3RnLdUpEQD
Худаева Виктория Богдановна,Диклофенак,1833-07-23,Chemical_29 Chemical_53 Chemical_96,Худаева_ВБ,LoY9fQaiXd
Хапилов Герасим Денисович,Пропанолол,1458-04-23,Chemical_10 Chemical_64 Chemical_91,Хапилов_ГД,tvsvFw1uXt
Ордянская Елизавета Вадимовна,Енап,1926-02-14,Chemical_5 Chemical_9 Chemical_36,Ордянская_ЕВ,66HpufIRRC
Бахматова Вера Борисовна,Гропирон,1575-12-23,Chemical_89 Chemical_82 Chemical_73,Бахматова_ВБ,rShtcEslNJ
Хатуцкая Галина Романовна,Урсофальк,1518-09-04,Chemical_81 Chemical_50 Chemical_46,Хатуцкая_ГР,m1OhpBXOxY
Левжинская Екатерина Кирилловна,Атенолол,1830-03-09,Chemical_98 Chemical_91 Chemical_74,Левжинская_ЕК,JeqcD4sSNd
Колбиев Андрей Георгиевич,Миртазапин,1963-09-11,Chemical_91 Chemical_45 Chemical_71,Колбиев_АГ,5doMjMOok2
Мамсуров Валентин Алексеевич,Урсофальк,1824-07-22,Chemical_73 Chemical_82 Chemical_41,Мамсуров_ВА,KgNyZxUgeN
Нягусева Клара Никитична,Бактрим,1971-09-01,Chemical_46 Chemical_84 Chemical_83,Нягусева_КН,9UrNxBw3Fi
Биклинев Никита Фёдорович,Евалар солгар мультивитамини,1124-08-10,Chemical_26 Chemical_95 Chemical_71,Биклинев_НФ,51wbh44FWk
Осоргин Григорий Денисович,Зылорик,1201-05-27,Chemical_63 Chemical_98 Chemical_69,Осоргин_ГД,BIo92Hw1gk
Поводова Вероника Федоровна,Лозартан,1520-08-22,Chemical_3 Chemical_5 Chemical_44,Поводова_ВФ,WRJ4EwJBqE
Шишанкова Алла Алексеевна,Бензоилпероксид,1115-02-04,Chemical_77 Chemical_66 Chemical_79,Шишанкова_АА,OsW2ARmmfg
Скарлыкин Павел Яковлевич,Золедроновая кислота,1037-07-04,Chemical_5 Chemical_93 Chemical_49,Скарлыкин_ПЯ,nu3aycPu77
Корельцев Валерий Адамович,Валидол,2021-11-07,Chemical_26 Chemical_60 Chemical_42,Корельцев_ВА,nphLkqRq34
Сочинский Владислав Антонович,Пилипен,1773-11-11,Chemical_97 Chemical_8 Chemical_73,Сочинский_ВА,PXyDE8dgAh
Крамина Клара Дмитриевна,Мелатонин,1449-09-06,Chemical_85 Chemical_77 Chemical_17,Крамина_КД,kGWzPs3bVE
Мошаева Кира Валерьевна,Глюкозамин,1709-01-08,Chemical_25 Chemical_79 Chemical_11,Мошаева_КВ,WTYpLuku53
Ахмадуллин Александр Евгеньевич,Амитриптилин,0960-12-26,Chemical_90 Chemical_77 Chemical_84,Ахмадуллин_АЕ,HcHcrIzLkI
Бургов Иван Михаилович,Итрафунгол,1145-09-06,Chemical_26 Chemical_92 Chemical_80,Бургов_ИМ,FoKldTme9V
Мошевитин Юрий Виталиевич,Линезолид,1181-11-22,Chemical_48 Chemical_97 Chemical_5,Мошевитин_ЮВ,4CIH6rsjwM
Макарова София Ивановна,Левофлоксацин,1331-02-21,Chemical_69 Chemical_61 Chemical_62,Макарова_СИ,rV5W8ijsRu
Ганчева Кира Олеговна,Зылорик,1288-08-10,Chemical_39 Chemical_83 Chemical_73,Ганчева_КО,nzy1ysfszA
Алятин Эдуард Романович,Кладрибин,1409-03-13,Chemical_51 Chemical_70 Chemical_29,Алятин_ЭР,cxzPPqvgM2
Глинкин Владимир Викторович,Пентоксифиллин,1637-09-23,Chemical_11 Chemical_18 Chemical_63,Глинкин_ВВ,unMgxfeMYk
Строгалев Леонид Вадимович,Пропанолол,1530-12-11,Chemical_31 Chemical_96 Chemical_91,Строгалев_ЛВ,qjHIH1DIM0
Гирина Ева Никитична,Живина,1850-01-12,Chemical_94 Chemical_8 Chemical_86,Гирина_ЕН,wlmXO624uy
Нецкина Елизавета Василевна,Вальтрекс,0901-02-23,Chemical_27 Chemical_12 Chemical_63,Нецкина_ЕВ,PFFy2jFzGX
Тахтауров Эдуард Данилович,Норматен,1717-01-20,Chemical_92 Chemical_81 Chemical_32,Тахтауров_ЭД,zzckKx0Jcq
Новеньких Валерий Борисович,Азитромицин,1107-06-25,Chemical_98 Chemical_81 Chemical_70,Новеньких_ВБ,2DIPz5bbIh
Веденисов Василий Юриевич,Бетаметазон,1760-03-11,Chemical_1 Chemical_79 Chemical_23,Веденисов_ВЮ,8Yvm553MNa
Назарбаев Геннадий Вадимович,Ёжик,1739-07-09,Chemical_68 Chemical_66 Chemical_31,Назарбаев_ГВ,wuTCMqwDDw
Верескина Ольга Сергеевна,Рибавирин,1439-04-28,Chemical_2 Chemical_38 Chemical_70,Верескина_ОС,ThIMLaIPEQ
Мойкина Инна Василевна,Рибавирин,1790-07-15,Chemical_53 Chemical_73 Chemical_83,Мойкина_ИВ,7AwukiNhN4
Каледенков Вячеслав Денисович,Миртазапин,1901-05-08,Chemical_25 Chemical_60 Chemical_37,Каледенков_ВД,szo7DBWVm5
Нечахин Альберт Николаевич,Азитромицин,1254-03-20,Chemical_16 Chemical_15 Chemical_70,Нечахин_АН,54O2Sij7fy
Томасов Владислав Максимович,Женьшень,1162-07-26,Chemical_69 Chemical_54 Chemical_57,Томасов_ВМ,oMydYIvmxx
Плетцова Виолетта Богдановна,Дикарбазин,0999-04-28,Chemical_52 Chemical_83 Chemical_21,Плетцова_ВБ,kExB5prew4
Гаврилкин Вадим Василиевич,Уоллтапс,1135-11-22,Chemical_91 Chemical_96 Chemical_8,Гаврилкин_ВВ,2MZ5cSRERh
Милетина Александра Аркадьевна,Амитриптилин,1422-01-28,Chemical_61 Chemical_42 Chemical_31,Милетина_АА,LMe1kk7UYf
Добранчева Зинаида Михайловна,Оксикодон,1518-01-22,Chemical_61 Chemical_77 Chemical_95,Добранчева_ЗМ,XnMCdjgDmH
Зиганова Зинаида Кирилловна,Ранитидин,1018-11-14,Chemical_79 Chemical_78 Chemical_77,Зиганова_ЗК,u95jnkC8S0
Упорников Михаил Евгеньевич,Ибупрофен,1592-06-21,Chemical_77 Chemical_96 Chemical_19,Упорников_МЕ,srd168eMxm
Веснянкина Марина Эдуардовна,Вальтрекс,0928-09-27,Chemical_38 Chemical_79 Chemical_54,Веснянкина_МЭ,dW0XHhTJmB
Снитникова Маргарита Богдановна,Итрафунгол,1844-10-11,Chemical_13 Chemical_50 Chemical_12,Снитникова_МБ,jmVnUnzg3Y
Закакуев Максим Фёдорович,Нимулид,1236-09-19,Chemical_64 Chemical_51 Chemical_51,Закакуев_МФ,Dpyogkxe0c
Помадкова Тамара Егоровна,Оланзапин,1213-01-09,Chemical_33 Chemical_8 Chemical_80,Помадкова_ТЕ,zKdozxUDzQ
Чубанова Алёна Романовна,Мелоксикам,1072-11-13,Chemical_76 Chemical_38 Chemical_23,Чубанова_АР,Xh3mO9iLUL
Реутский Федор Юриевич,Бромгексин,1584-03-18,Chemical_79 Chemical_7 Chemical_92,Реутский_ФЮ,RF0Kv5p9fF
Пурювкин Руслан Георгиевич,Пентоксифиллин,1688-01-23,Chemical_3 Chemical_19 Chemical_37,Пурювкин_РГ,Sgi0wCWQBI
Помазенцев Яков Тимофеевич,Сетирозин,1941-02-23,Chemical_81 Chemical_34 Chemical_65,Помазенцев_ЯТ,zc2scjE0bL
Девушкина Жанна Андреевна,Золедроновая кислота,1379-11-10,Chemical_23 Chemical_51 Chemical_9,Девушкина_ЖА,P7WQnvmtJM
Яшункина Дарья Сергеевна,Женьшень,1669-10-15,Chemical_30 Chemical_22 Chemical_91,Яшункина_ДС,5yYcMt0t72
Шалапугина Юлия Дмитриевна,Дуодарт,1109-04-27,Chemical_3 Chemical_17 Chemical_20,Шалапугина_ЮД,7Kp6h2nT9z
Пепинова Ева Ивановна,Ацетилсалициловая кислота,0963-02-26,Chemical_5 Chemical_62 Chemical_58,Пепинова_ЕИ,Yn0QCX0xzd
Юделева Валентина Игоревна,Бромгексин,1328-10-18,Chemical_52 Chemical_65 Chemical_73,Юделева_ВИ,GhfyCh6n0N
Монастыров Иван Юриевич,Ибупрофен,1241-12-25,Chemical_30 Chemical_52 Chemical_21,Монастыров_ИЮ,wWXGnY6QpI
Досадина Зинаида Игоревна,Росувастатин,2005-09-16,Chemical_4 Chemical_30 Chemical_45,Досадина_ЗИ,MORcLSgF2P
Заяшникова Оксана Борисовна,Диклофенак,1869-08-12,Chemical_96 Chemical_73 Chemical_84,Заяшникова_ОБ,jH96JdIHZP
Непогодина Людмила Петровна,Витамин С,0900-02-24,Chemical_80 Chemical_34 Chemical_87,Непогодина_ЛП,rS3LMHfQEH
Бежджонов Антон Евгеньевич,Амитриптилин,1528-09-28,Chemical_37 Chemical_70 Chemical_13,Бежджонов_АЕ,2jIlaGJfmA
Могеев Станислав Алексиевич,Агонал,1106-11-23,Chemical_34 Chemical_87 Chemical_23,Могеев_СА,7hQhO49aHI
Нарымова Дарья Валерьевна,Жасмин,1343-05-05,Chemical_68 Chemical_55 Chemical_6,Нарымова_ДВ,MjY5VOVGQq
Справников Игорь Адамович,Дуодарт,1091-06-24,Chemical_11 Chemical_85 Chemical_63,Справников_ИА,lUr5I0AGWc
Кормщиков Евгений Юриевич,Левофлоксацин,1911-06-28,Chemical_57 Chemical_29 Chemical_63,Кормщиков_ЕЮ,HlMXnygIzh
Букатов Дмитрий Алексиевич,Бисакодил,1643-09-23,Chemical_53 Chemical_30 Chemical_58,Букатов_ДА,fe2FZzYK2h
Абримов Павел Олегович,Амоксициллин,0938-12-20,Chemical_88 Chemical_13 Chemical_39,Абримов_ПО,r7bgQpGDYd
Падолкина Надежда Ивановна,Ингавирин,1792-05-08,Chemical_80 Chemical_13 Chemical_85,Падолкина_НИ,kjauw0GPmW
Кавардин Вячеслав Тимофеевич,Аллопуринол,1388-04-06,Chemical_7 Chemical_55 Chemical_33,Кавардин_ВТ,p4xwFKbPGr
Кожаурова Жанна Ивановна,Левофлоксацин,1311-10-06,Chemical_10 Chemical_5 Chemical_41,Кожаурова_ЖИ,pw9Dt6zhG5
Балакин Пётр Антонович,Спазмалгон,1326-09-12,Chemical_42 Chemical_30 Chemical_68,Балакин_ПА,R1TaOMHYTC
Киржаков Геннадий Максимович,Золедроновая кислота,1478-03-20,Chemical_51 Chemical_8 Chemical_26,Киржаков_ГМ,nUGnLsLVkQ
Давличаров Павел Игоревич,Бензоилпероксид,1184-02-17,Chemical_32 Chemical_73 Chemical_98,Давличаров_ПИ,zJQsGCUsi3
Камашкин Артём Вадимович,Итрафунгол,1114-02-27,Chemical_98 Chemical_32 Chemical_16,Камашкин_АВ,nLpbRiNqU5
Постатская Полина Алексеевна,Бензоилпероксид,0972-06-28,Chemical_12 Chemical_76 Chemical_81,Постатская_ПА,yb48jCFasw
Максимцев Станислав Николаевич,Зинорам,1045-01-13,Chemical_78 Chemical_13 Chemical_54,Максимцев_СН,4HrGg1QPwN
Петюшина Светлана Эдуардовна,Агонал,1506-10-21,Chemical_38 Chemical_53 Chemical_58,Петюшина_СЭ,Rwd9xJZyvt
Петрина Наталья Аркадьевна,Лозартан,1648-04-28,Chemical_3 Chemical_70 Chemical_35,Петрина_НА,0jTVfvE1y8
Крутцов Станислав Юриевич,Росувастатин,1256-01-26,Chemical_8 Chemical_39 Chemical_82,Крутцов_СЮ,w8lhw1oAV3
Ананчева Вероника Ивановна,Гидрохлоротиазид,1060-03-03,Chemical_98 Chemical_57 Chemical_56,Ананчева_ВИ,gt7fMe7JNU
Цыцарцев Валерий Василиевич,Нитросорбид,1063-08-08,Chemical_21 Chemical_60 Chemical_8,Цыцарцев_ВВ,X25DNJXtk5
Зазнобкина Ирина Богдановна,Золаир,1917-10-07,Chemical_58 Chemical_65 Chemical_98,Зазнобкина_ИБ,0szGtePFZ7
Обризова Алена Олеговна,Антациды,1712-06-24,Chemical_58 Chemical_35 Chemical_10,Обризова_АО,ZuJmo89bDh
Салянкин Владислав Фёдорович,Небиволол,1420-07-13,Chemical_51 Chemical_84 Chemical_32,Салянкин_ВФ,RJuZqrfNTX
Чернедова Алиса Аркадьевна,Оланзапин,1869-08-16,Chemical_21 Chemical_17 Chemical_57,Чернедова_АА,GeQV1WEukk
Токарев Руслан Алексеевич,Виагра,1591-05-12,Chemical_90 Chemical_13 Chemical_52,Токарев_РА,bU4GIedCzs
Миридинов Денис Денисович,Зылорик,1166-03-13,Chemical_17 Chemical_42 Chemical_97,Миридинов_ДД,4RctZIYn5t
Копелькина Елизавета Алексеевна,Агонал,1181-05-22,Chemical_4 Chemical_58 Chemical_52,Копелькина_ЕА,HHdQpgGnmr
Будяков Михаил Петрович,Женьшень,1989-11-10,Chemical_24 Chemical_17 Chemical_83,Будяков_МП,i5ghhVZTTG
Мавлекиева Дарья Валерьевна,Зинорам,1766-05-02,Chemical_15 Chemical_8 Chemical_59,Мавлекиева_ДВ,oqb5BEYu2G
Бальнова Светлана Богдановна,Венолайфт,1392-08-15,Chemical_27 Chemical_76 Chemical_28,Бальнова_СБ,yGYkRPHcCF
Муруев Никита Николаевич,Спазмалгон,1497-04-10,Chemical_81 Chemical_85 Chemical_82,Муруев_НН,TUbQFE5XiM
Танкуйлин Аркадий Кириллович,Железа препараты,0939-06-15,Chemical_58 Chemical_95 Chemical_70,Танкуйлин_АК,h30NvrMaXb
Леплинский Владислав Юриевич,Кетопрофен,1907-02-06,Chemical_63 Chemical_97 Chemical_69,Леплинский_ВЮ,cptwE9KfOo
Жегланова Алёна Ивановна,Колчицин,1726-04-28,Chemical_51 Chemical_50 Chemical_64,Жегланова_АИ,LCuRrAsScR
Шелдукова Алина Викторовна,Метформин,1908-06-19,Chemical_28 Chemical_22 Chemical_60,Шелдукова_АВ,0lfB63sNzq
Рапиева Зинаида Никитична,Бетаин,1376-12-13,Chemical_48 Chemical_5 Chemical_53,Рапиева_ЗН,ycQWZqy7gk
Гермогенов Иван Тимофеевич,Амоксиклав,1936-10-10,Chemical_97 Chemical_22 Chemical_38,Гермогенов_ИТ,eTnFDrxnf3
Холсин Константин Сергеевич,Кетопрофен,1148-04-05,Chemical_32 Chemical_86 Chemical_37,Холсин_КС,zoZHV7n6X7
Вакунов Александр Викторович,Метопролол,0914-04-03,Chemical_58 Chemical_2 Chemical_87,Вакунов_АВ,tOWE6Bwum6
Подласова Вера Андреевна,Рибавирин,1034-12-01,Chemical_80 Chemical_33 Chemical_46,Подласова_ВА,BKfwBMv4I0
Городцов Игорь Валериевич,Симвастатин,1468-06-03,Chemical_45 Chemical_49 Chemical_18,Городцов_ИВ,vG9RcAGryl
Алексакова Карина Дмитриевна,Амоксиклав,1996-06-15,Chemical_18 Chemical_4 Chemical_48,Алексакова_КД,oKkbmvHQxd
Эссина Полина Ивановна,Мелатонин,1429-08-25,Chemical_20 Chemical_44 Chemical_84,Эссина_ПИ,E7MpxEZpGu
Юртайкина Зинаида Ивановна,Уоллтапс,1107-09-26,Chemical_14 Chemical_47 Chemical_64,Юртайкина_ЗИ,qCxlDmJak8
Варваркина Софья Максимовна,Метопролол,1946-05-17,Chemical_64 Chemical_45 Chemical_83,Варваркина_СМ,xK4jitDeTE
Зябкина Валерия Михайловна,Бетаин,1801-03-24,Chemical_21 Chemical_90 Chemical_87,Зябкина_ВМ,v7uEk6ucsg
Шерекина Екатерина Николаевна,Симвастатин,1005-05-02,Chemical_44 Chemical_1 Chemical_79,Шерекина_ЕН,Pwo4cnTjqU
Халипский Евгений Алексеевич,Пилипен,1068-05-23,Chemical_62 Chemical_13 Chemical_92,Халипский_ЕА,Yz547W1TFx
Голбина Галина Егоровна,Лоразепам,1321-06-08,Chemical_43 Chemical_89 Chemical_2,Голбина_ГЕ,w6Ltfg99ls
Кузубов Роман Кириллович,Триптаны,1167-06-06,Chemical_36 Chemical_64 Chemical_98,Кузубов_РК,C0dnzbosrE
Эзенкина Ксения Ивановна,Ретардин,1599-01-21,Chemical_90 Chemical_92 Chemical_67,Эзенкина_КИ,C3ZTrz70WA
Киричуков Никита Игоревич,Бетаин,1498-08-25,Chemical_97 Chemical_15 Chemical_53,Киричуков_НИ,TPhfKZQsxQ
Агафеева Тамара Олеговна,Клопидогрел,0932-08-16,Chemical_17 Chemical_72 Chemical_22,Агафеева_ТО,XO5Z4CZbGy
Ханевичев Геннадий Викторович,Ингавирин,1445-06-15,Chemical_100 Chemical_88 Chemical_31,Ханевичев_ГВ,35yR6AHP6D
Мицина Светлана Кирилловна,Норматен,1032-04-04,Chemical_44 Chemical_16 Chemical_60,Мицина_СК,GeK6eNA63c
Атарщиков Артём Викторович,Валидол,0935-09-01,Chemical_48 Chemical_25 Chemical_54,Атарщиков_АВ,HtKFgFGJ3F
Эйдикова Ирина Егоровна,Ранитидин,1304-10-20,Chemical_22 Chemical_48 Chemical_13,Эйдикова_ИЕ,ZCjXo7MefC
Каплина Валентина Романовна,Алпразолам,1380-12-06,Chemical_73 Chemical_48 Chemical_15,Каплина_ВР,MJcvELY0A8
Осицимский Алексей Юриевич,Норматен,1026-12-09,Chemical_81 Chemical_80 Chemical_35,Осицимский_АЮ,oLDVSWZjp8
Плантова Катерина Николаевна,Урсофальк,1849-12-27,Chemical_19 Chemical_60 Chemical_28,Плантова_КН,mIZtivg2Z9
Селемнева Мария Вадимовна,Омепразол,1776-10-08,Chemical_67 Chemical_94 Chemical_77,Селемнева_МВ,JOlGEiOCWR
Сымчева Зинаида Богдановна,Бисакодил,1765-06-26,Chemical_53 Chemical_58 Chemical_28,Сымчева_ЗБ,U08HJq4eDv
Стретова Раиса Яковлевна,Дикарбазин,1694-05-06,Chemical_82 Chemical_95 Chemical_53,Стретова_РЯ,SAzrw348Rd
Царитова Галина Олеговна,Омега-3 кислоты,1962-05-03,Chemical_97 Chemical_61 Chemical_81,Царитова_ГО,0STsmPKZdS
Дрыкина Кристина Василевна,Метопролол,1152-05-06,Chemical_79 Chemical_60 Chemical_18,Дрыкина_КВ,stoAimlzcK
Спорягина Анна Кирилловна,Антациды,2009-03-04,Chemical_16 Chemical_19 Chemical_14,Спорягина_АК,CO4bffHWBe
Цепикин Константин Евгеньевич,Виалар,1502-09-18,Chemical_1 Chemical_36 Chemical_54,Цепикин_КЕ,cDEXMb4QMj
Кордашин Пётр Данилович,Ингавирин,1598-01-05,Chemical_31 Chemical_65 Chemical_25,Кордашин_ПД,pTN65DxEX2
Байдильдин Станислав Вадимович,Гропирон,1224-02-12,Chemical_17 Chemical_6 Chemical_88,Байдильдин_СВ,5PI86jWeXw
Ябковская Елена Яковлевна,Антациды,1504-12-24,Chemical_52 Chemical_27 Chemical_29,Ябковская_ЕЯ,7DoN7hcRe8
Ионкин Владимир Иванович,Ретардин,1164-04-22,Chemical_71 Chemical_3 Chemical_11,Ионкин_ВИ,aM0l2NRQkz
Пониматкин Артём Яковлевич,Бромгексин,0963-10-18,Chemical_11 Chemical_1 Chemical_69,Пониматкин_АЯ,VYpcrif5Iy
Охочинская Жанна Валерьевна,Триптаны,1643-10-17,Chemical_91 Chemical_3 Chemical_32,Охочинская_ЖВ,iGMdMSNt16
Размыкова Алина Кирилловна,Тианептин,1045-06-04,Chemical_86 Chemical_37 Chemical_69,Размыкова_АК,mEqcuy8b4Q
Аврамов Руслан Алексиевич,Кандесартан,1308-02-21,Chemical_61 Chemical_97 Chemical_31,Аврамов_РА,Ha56PFfTaK
Семовских Лиза Викторовна,Пропанолол,1256-04-10,Chemical_75 Chemical_31 Chemical_8,Семовских_ЛВ,goYIL5p8qi
Абалмазов Валентин Петрович,Пропанолол,2020-05-02,Chemical_4 Chemical_90 Chemical_93,Абалмазов_ВП,Op1DxemScJ
Аскаров Илья Кириллович,Ниссан,1851-02-04,Chemical_100 Chemical_39 Chemical_76,Аскаров_ИК,F6FisvTiPo
Свирстина Жанна Богдановна,Допамин,1523-04-21,Chemical_89 Chemical_40 Chemical_27,Свирстина_ЖБ,O4rhB2mde3
Копытенков Олег Денисович,Золекс,1373-11-03,Chemical_25 Chemical_35 Chemical_39,Копытенков_ОД,6Qg8GnQSRh
Аполонин Максим Михаилович,Лоразепам,1519-07-06,Chemical_83 Chemical_62 Chemical_76,Аполонин_ММ,NdsjhMlUTR
Добрышкин Аркадий Валериевич,Золаир,1300-11-25,Chemical_32 Chemical_43 Chemical_27,Добрышкин_АВ,imvBk9M99x
Хромачев Валентин Василиевич,Диклофенак,1682-02-07,Chemical_58 Chemical_12 Chemical_64,Хромачев_ВВ,XW13pkFoat
Панчекин Виталий Аркадиевич,Тикалиптин,1896-12-08,Chemical_33 Chemical_22 Chemical_94,Панчекин_ВА,aANWk45UIo
Саслина Тамара Максимовна,Венолайфт,1666-10-08,Chemical_99 Chemical_22 Chemical_31,Саслина_ТМ,cXJUhdDjUb
Буглина Инна Михайловна,Ацетилсалициловая кислота,1278-10-17,Chemical_66 Chemical_100 Chemical_62,Буглина_ИМ,v9CcXPXF9n
Якутенкова Жанна Валерьевна,Сертралин,1988-08-19,Chemical_64 Chemical_69 Chemical_10,Якутенкова_ЖВ,QHKf8f9PQ2
Сафошин Георгий Василиевич,Колчицин,1367-03-17,Chemical_9 Chemical_17 Chemical_28,Сафошин_ГВ,hz3qm1JxB4
Каяцкая Ольга Борисовна,Индометацин,1440-10-12,Chemical_21 Chemical_60 Chemical_21,Каяцкая_ОБ,rvQxNaZNMj
Карапозов Константин Василиевич,Левотироксин,1918-06-07,Chemical_55 Chemical_29 Chemical_4,Карапозов_КВ,4kxcxleSqw
Рустямова Алина Василевна,Итрафунгол,1575-05-07,Chemical_80 Chemical_30 Chemical_57,Рустямова_АВ,sKvTzGmdwf
Жерденков Илья Денисович,Колчицин,1401-09-15,Chemical_95 Chemical_49 Chemical_85,Жерденков_ИД,uB7OgnIsTQ
Донышева Людмила Кирилловна,Золаир,1972-06-26,Chemical_19 Chemical_69 Chemical_82,Донышева_ЛК,NBUS6YrfCf
Цыбышев Николай Антонович,Бромгексин,1724-08-07,Chemical_36 Chemical_40 Chemical_36,Цыбышев_НА,EP8uTaMXvz
Севастокин Виктор Романович,Мидокалм,1279-04-15,Chemical_2 Chemical_64 Chemical_2,Севастокин_ВР,8e0XjtlHcw
Баранихина Алла Евгеньевна,Иммунивит,1629-02-22,Chemical_81 Chemical_100 Chemical_80,Баранихина_АЕ,Vox7GdtKpO
Тараборина Марина Андреевна,Тианептин,1664-10-19,Chemical_63 Chemical_54 Chemical_70,Тараборина_МА,lGpaIHz757
Шкутин Юрий Алексиевич,Рибавирин,1088-02-23,Chemical_49 Chemical_67 Chemical_24,Шкутин_ЮА,8lDUinR27v
Пушменкова Наталья Богдановна,Сетирозин,1622-10-23,Chemical_68 Chemical_71 Chemical_90,Пушменкова_НБ,iRz8mHgRoi
Малшенков Дмитрий Кириллович,Женьшень,1378-06-10,Chemical_17 Chemical_6 Chemical_59,Малшенков_ДК,dY6zp6q8CM
Валкин Денис Олегович,Парацетамол,1129-04-09,Chemical_93 Chemical_33 Chemical_39,Валкин_ДО,Kvp9LgiwLV
Граннина Алиса Андреевна,Ранитидин,1329-04-25,Chemical_21 Chemical_89 Chemical_59,Граннина_АА,vnt5JZfru8
Перемитина Алиса Борисовна,Амлодипин,1475-10-20,Chemical_30 Chemical_16 Chemical_65,Перемитина_АБ,OlYCWkUABH
Масленцова Алина Вадимовна,Левофлоксацин,1367-11-21,Chemical_15 Chemical_43 Chemical_83,Масленцова_АВ,eu7kDv2ENr
Шалчков Денис Викторович,Рамиприл,1706-06-08,Chemical_58 Chemical_70 Chemical_1,Шалчков_ДВ,XHpDOS9O78
Проселкова Зинаида Максимовна,Рибавирин,1032-10-19,Chemical_46 Chemical_99 Chemical_73,Проселкова_ЗМ,P396Q8WPOc
Большанин Павел Андреевич,Кетопрофен,1526-06-17,Chemical_60 Chemical_53 Chemical_35,Большанин_ПА,u0yRB3tR4C
Капцева Юлия Федоровна,Виалар,1902-07-26,Chemical_17 Chemical_89 Chemical_14,Капцева_ЮФ,6s2Puv5pZs
Тюшагин Аркадий Борисович,Уоллтапс,1530-08-11,Chemical_79 Chemical_55 Chemical_23,Тюшагин_АБ,mJEzvBpNnV
Сусленков Игорь Денисович,Мезим,1214-05-15,Chemical_95 Chemical_79 Chemical_44,Сусленков_ИД,HgizUZwaRy
Печуркина Жанна Борисовна,Виагра,1950-09-19,Chemical_40 Chemical_38 Chemical_48,Печуркина_ЖБ,DHS6gSzvYN
Крахоткина Софья Олеговна,Амлодипин,1381-04-02,Chemical_14 Chemical_7 Chemical_65,Крахоткина_СО,uAgs3HyYOB
Огулова Виктория Борисовна,Глюкозамин,1779-08-09,Chemical_79 Chemical_14 Chemical_40,Огулова_ВБ,zzeknezH8V
Евиланова Раиса Федоровна,Габапентин,1823-07-15,Chemical_80 Chemical_75 Chemical_21,Евиланова_РФ,hRQRlb35RX
Крудакова Оксана Яковлевна,Ксарелто,1609-08-10,Chemical_88 Chemical_28 Chemical_59,Крудакова_ОЯ,wzRehlZdh7
Осконов Роман Андреевич,Амоксиклав,1957-06-01,Chemical_6 Chemical_45 Chemical_30,Осконов_РА,5SBq3eXQ0N
Находнов Пётр Михаилович,Евалар солгар мультивитамини,1315-02-12,Chemical_1 Chemical_62 Chemical_1,Находнов_ПМ,nrmB28pkEz
Дрычкова Кира Эдуардовна,Гропирон,1463-09-20,Chemical_100 Chemical_6 Chemical_72,Дрычкова_КЭ,Vn5epuVPMF
Полатов Павел Алексеевич,Рамиприл,1792-07-25,Chemical_51 Chemical_6 Chemical_61,Полатов_ПА,zlNWcZwtvq
Бострикова Софья Романовна,Оланзапин,1080-12-09,Chemical_94 Chemical_40 Chemical_35,Бострикова_СР,lFdWR2Qulf
Джоев Вадим Юриевич,Норматен,1896-08-19,Chemical_58 Chemical_85 Chemical_95,Джоев_ВЮ,kiMfcJTB4T
Актанаев Игорь Валериевич,Бисопролол,0992-01-04,Chemical_2 Chemical_11 Chemical_72,Актанаев_ИВ,5eqSHjjZx5
Чужакова Мария Дмитриевна,Метформин,1878-03-01,Chemical_20 Chemical_6 Chemical_8,Чужакова_МД,UXtx21Bszo
Гиричева Полина Борисовна,Метопролол,1599-09-03,Chemical_9 Chemical_62 Chemical_84,Гиричева_ПБ,8QDv7WpQts
Гродобоев Константин Михаилович,Оксикодон,2021-07-28,Chemical_64 Chemical_33 Chemical_76,Гродобоев_КМ,aQpgBEioSX
Сапетина Марина Дмитриевна,Спазмалгон,1814-12-23,Chemical_39 Chemical_84 Chemical_74,Сапетина_МД,Msz48QEFgr
Писеева Катерина Богдановна,Амоксиклав,1090-11-18,Chemical_18 Chemical_16 Chemical_47,Писеева_КБ,ce3J2Lvhjo
Загладин Илья Тимофеевич,Уоллтапс,1441-04-08,Chemical_8 Chemical_75 Chemical_97,Загладин_ИТ,ZsLZxci0P3
Гридаева Елена Олеговна,Кандесартан,1568-03-06,Chemical_39 Chemical_9 Chemical_45,Гридаева_ЕО,vWvr2NHfL1
Чармосова Наталия Алексеевна,Сетирозин,1847-05-17,Chemical_88 Chemical_84 Chemical_5,Чармосова_НА,vkR7v2amIO
Бешкуров Вячеслав Данилович,Амлодипин,1456-11-04,Chemical_60 Chemical_59 Chemical_39,Бешкуров_ВД,EH79yvYEie
Голубкова Ирина Игоревна,Аллопуринол,0983-02-03,Chemical_17 Chemical_4 Chemical_91,Голубкова_ИИ,MJzs5aBH7M
Атрохин Павел Юрьевич,Диклофенак,1584-04-11,Chemical_94 Chemical_41 Chemical_3,Атрохин_ПЮ,2JF2dHB5Ha
Бригина Надежда Федоровна,Ретардин,0908-05-02,Chemical_92 Chemical_37 Chemical_19,Бригина_НФ,08GRBz8ljD
Сернецкая Людмила Валерьевна,Бромгексин,1691-01-16,Chemical_40 Chemical_90 Chemical_12,Сернецкая_ЛВ,XGpqft2FMC
Лутфиева Алина Викторовна,Преднизолон,1239-11-01,Chemical_32 Chemical_68 Chemical_74,Лутфиева_АВ,lV29AWU2Ju
Листиков Валентин Михаилович,Виалар,1748-12-27,Chemical_86 Chemical_61 Chemical_8,Листиков_ВМ,IhDQR03Wu3
Чилых Виктория Вадимовна,Бисакодил,1585-08-09,Chemical_67 Chemical_26 Chemical_43,Чилых_ВВ,ywZ2sjGSi7
Химунин Валерий Данилович,Ингавирин,1603-02-02,Chemical_26 Chemical_26 Chemical_65,Химунин_ВД,dIiutcguQJ
Баршикова Оксана Валерьевна,Сетирозин,1412-05-23,Chemical_85 Chemical_2 Chemical_77,Баршикова_ОВ,WZlg4EfbKM
Ушмодина Людмила Михайловна,Мидокалм,1376-02-03,Chemical_60 Chemical_57 Chemical_23,Ушмодина_ЛМ,0jpABLLFOW
Сайдышева Софья Никитична,Глюкозамин,1890-06-02,Chemical_45 Chemical_8 Chemical_49,Сайдышева_СН,lFSqC6MmIG
Тащенков Дмитрий Денисович,Триптаны,1059-08-28,Chemical_84 Chemical_14 Chemical_9,Тащенков_ДД,QhEGxSV6mX
Сафалова Зинаида Николаевна,Миртазапин,1662-05-17,Chemical_73 Chemical_98 Chemical_51,Сафалова_ЗН,w8lLRlsvmU
Хажкасимов Борис Алексиевич,Живина,1032-08-14,Chemical_54 Chemical_85 Chemical_12,Хажкасимов_БА,B0wY8IhWUZ
Куконова Алена Михайловна,Небиволол,1481-10-26,Chemical_74 Chemical_21 Chemical_38,Куконова_АМ,dhOAUOfCEa
Борменкова Дарья Василевна,Левотироксин,1643-01-13,Chemical_74 Chemical_17 Chemical_76,Борменкова_ДВ,t52VSeWQci
Веденякин Аркадий Иванович,Спазмалгон,1938-09-24,Chemical_93 Chemical_95 Chemical_18,Веденякин_АИ,FnTMER8r1A
Абубекаров Олег Юриевич,Сертралин,1811-03-08,Chemical_63 Chemical_17 Chemical_13,Абубекаров_ОЮ,6p4kkmkwPU
Лементуев Никита Фёдорович,Пилипен,2012-08-01,Chemical_22 Chemical_31 Chemical_48,Лементуев_НФ,am6ygrgEL9
Кашелев Борис Данилович,Метформин,1023-04-07,Chemical_97 Chemical_58 Chemical_29,Кашелев_БД,gEB2dKU4aT
Жилнина Алла Федоровна,Мелатонин,1851-12-10,Chemical_2 Chemical_75 Chemical_77,Жилнина_АФ,MJz2F0s9kL
Тряпкин Михаил Денисович,Евалар солгар мультивитамини,1550-02-12,Chemical_65 Chemical_11 Chemical_15,Тряпкин_МД,qqGBQcuhGO
Челочева София Олеговна,Нитросорбид,1780-12-07,Chemical_11 Chemical_48 Chemical_12,Челочева_СО,p8CUW8Xuot
Бульдыгина Кира Михайловна,Рибавирин,1057-06-18,Chemical_57 Chemical_21 Chemical_81,Бульдыгина_КМ,VGhoLQzM7e
Крумина Елизавета Михайловна,Итрафунгол,1612-01-02,Chemical_10 Chemical_73 Chemical_83,Крумина_ЕМ,atZO110kgp
Астрактова Жанна Эдуардовна,Дектанол,1588-06-12,Chemical_89 Chemical_84 Chemical_42,Астрактова_ЖЭ,IHGDrSgUJ6
Дугарский Александр Алексеевич,Спазмалгон,1026-06-26,Chemical_62 Chemical_71 Chemical_5,Дугарский_АА,2IqHZWpj7q
Яловкина Елизавета Игоревна,Тикалиптин,1278-05-05,Chemical_23 Chemical_34 Chemical_81,Яловкина_ЕИ,QFdU1hZ0Pk
Рукавичкин Григорий Петрович,Бромгексин,1247-10-09,Chemical_15 Chemical_40 Chemical_5,Рукавичкин_ГП,IXmXrVkQQ4
Рубейкин Вячеслав Петрович,Метформин,0949-11-22,Chemical_15 Chemical_58 Chemical_1,Рубейкин_ВП,X1NiCp2eOu
Черкина Катерина Егоровна,Левофлоксацин,1299-10-11,Chemical_18 Chemical_51 Chemical_58,Черкина_КЕ,Mi0DTRut1n
Приданов Вадим Игоревич,Амоксициллин,1511-05-20,Chemical_43 Chemical_88 Chemical_96,Приданов_ВИ,FehuQV1YNK
Шехоболова Светлана Никитична,Железа препараты,1245-05-18,Chemical_45 Chemical_29 Chemical_5,Шехоболова_СН,bOkjDeEDDX
Навотнева Лиза Богдановна,Кладрибин,1645-05-17,Chemical_82 Chemical_43 Chemical_98,Навотнева_ЛБ,6srG1gTxXq
Балькина Анна Игоревна,Золекс,1744-10-09,Chemical_33 Chemical_16 Chemical_77,Балькина_АИ,u6ZoRMjLLl
Пудонин Виталий Данилович,Енап,0958-06-13,Chemical_4 Chemical_4 Chemical_92,Пудонин_ВД,K9cBOsAn9f
Самрова Елизавета Евгеньевна,Сертралин,0992-02-25,Chemical_78 Chemical_50 Chemical_12,Самрова_ЕЕ,fWVThFxX25
Близнюкова Ирина Эдуардовна,Метформин,1034-08-26,Chemical_51 Chemical_60 Chemical_94,Близнюкова_ИЭ,lkdR0d8xFl
Мышлин Альберт Иванович,Амоксиклав,1497-03-02,Chemical_100 Chemical_2 Chemical_83,Мышлин_АИ,TPkyA6qUAy
Столинская Дарья Викторовна,Алпразолам,1743-11-06,Chemical_75 Chemical_70 Chemical_49,Столинская_ДВ,T3yuuZHW4d
Горбецкий Альберт Павлович,Ёжик,0968-10-24,Chemical_79 Chemical_33 Chemical_90,Горбецкий_АП,6PRyys3w6g
Личутина Екатерина Богдановна,Женьшень,1042-06-18,Chemical_39 Chemical_62 Chemical_89,Личутина_ЕБ,1T94bQQDGP
Двизов Ярослав Данилович,Амоксиклав,1339-01-01,Chemical_13 Chemical_46 Chemical_26,Двизов_ЯД,A2wCsA6xI5
Шишулина Анастасия Дмитриевна,Мелоксикам,2001-07-13,Chemical_41 Chemical_68 Chemical_71,Шишулина_АД,zx2oWrzw4H
Андрюшина Дарья Кирилловна,Кладрибин,1293-10-04,Chemical_92 Chemical_54 Chemical_82,Андрюшина_ДК,xarfnmnBaJ
Оршин Антон Аркадиевич,Амитриптилин,1529-08-08,Chemical_91 Chemical_3 Chemical_39,Оршин_АА,EfWmJeb96H
Шляпников Иван Максимович,Оксикодон,1128-07-09,Chemical_61 Chemical_27 Chemical_97,Шляпников_ИМ,GBvVR1JbfA
Самарков Вадим Андреевич,Железа препараты,0956-08-14,Chemical_42 Chemical_30 Chemical_66,Самарков_ВА,FuZFpYAQIH
Колужина Виктория Богдановна,Виагра,1683-10-21,Chemical_7 Chemical_14 Chemical_66,Колужина_ВБ,YG6SdjhAiO
Баласанов Георгий Данилович,Бетаметазон,1843-03-13,Chemical_45 Chemical_89 Chemical_70,Баласанов_ГД,nkK1AX4uzI
Самолюбов Герасим Вадимович,Бактрим,1297-09-04,Chemical_44 Chemical_21 Chemical_5,Самолюбов_ГВ,9hsYIKldOD
Любиров Тарас Яковлевич,Бетаин,1848-08-18,Chemical_81 Chemical_15 Chemical_67,Любиров_ТЯ,0ZIXXoRfYj
Кочеляева Александра Игоревна,Лоразепам,0989-06-20,Chemical_89 Chemical_40 Chemical_79,Кочеляева_АИ,NPDOkFQGER
Плантюрина Алёна Аркадьевна,Индометацин,1915-06-14,Chemical_64 Chemical_99 Chemical_46,Плантюрина_АА,loE7apsrAR
Мамаикина Лиза Леонидовна,Ретардин,1463-01-27,Chemical_31 Chemical_58 Chemical_82,Мамаикина_ЛЛ,fW27LtEVTd
Собина Галина Ивановна,Дектанол,1299-01-25,Chemical_87 Chemical_6 Chemical_84,Собина_ГИ,g60WME1hDm
Антогина Лариса Евгеньевна,Железа препараты,1991-01-07,Chemical_86 Chemical_24 Chemical_78,Антогина_ЛЕ,xZnfNXHGdT
Бандалетов Илья Викторович,Дикарбазин,1977-02-07,Chemical_86 Chemical_12 Chemical_48,Бандалетов_ИВ,k3ihbTy4Fo
Жарченков Николай Евгеньевич,Зинорам,1191-04-27,Chemical_49 Chemical_10 Chemical_23,Жарченков_НЕ,Rs4cNErBZ8
Семушин Эдуард Кириллович,Валацикловир,1178-02-21,Chemical_51 Chemical_23 Chemical_78,Семушин_ЭК,2kQnGHhpSj
Курузаева Анна Алексеевна,Глюкозамин,1860-08-28,Chemical_43 Chemical_89 Chemical_72,Курузаева_АА,nYk5R52zm4
Худеньких Вадим Максимович,Амоксициллин,1986-02-21,Chemical_15 Chemical_41 Chemical_84,Худеньких_ВМ,EdvmAfG9RB
Щучина Галина Эдуардовна,Дексаметазон,1181-07-23,Chemical_37 Chemical_89 Chemical_64,Щучина_ГЭ,cgJFPJYDEw
Чарышкин Игорь Денисович,Рамиприл,1092-10-21,Chemical_41 Chemical_65 Chemical_60,Чарышкин_ИД,pvhrqFHiiZ
Желнеронов Георгий Тимофеевич,Аллопуринол,1955-12-21,Chemical_96 Chemical_44 Chemical_73,Желнеронов_ГТ,McWnjuVikD
Тенлев Федор Игоревич,Омега-3 кислоты,1389-01-20,Chemical_60 Chemical_79 Chemical_80,Тенлев_ФИ,fJOGGUuEzy
Дохин Борис Антонович,Левотироксин,1765-05-21,Chemical_86 Chemical_69 Chemical_98,Дохин_БА,G3ebPjv2m3
Аляудинова Яна Аркадьевна,Дуодарт,0926-11-12,Chemical_81 Chemical_28 Chemical_46,Аляудинова_ЯА,wXmi0NOo8l
Вотова Лариса Олеговна,Линезолид,1245-11-26,Chemical_82 Chemical_82 Chemical_78,Вотова_ЛО,ZeUOCwdkxV
Рыжекова Алиса Богдановна,Сетирозин,1531-11-26,Chemical_2 Chemical_6 Chemical_37,Рыжекова_АБ,JNmr5OCtYD
Муренкаева Елизавета Аркадьевна,Омега-3 кислоты,0912-07-22,Chemical_81 Chemical_59 Chemical_73,Муренкаева_ЕА,kvs0qSqZq2
Мокрышева Зинаида Вадимовна,Бетаметазон,1935-10-15,Chemical_36 Chemical_91 Chemical_93,Мокрышева_ЗВ,01gM8YoCPb
Дащинский Ярослав Данилович,Мидокалм,1198-09-04,Chemical_66 Chemical_33 Chemical_93,Дащинский_ЯД,XcNAq9iy9P
Полванова Клавдия Олеговна,Спазмалгон,1544-04-05,Chemical_73 Chemical_90 Chemical_64,Полванова_КО,5foGfaWcd0
Мираков Михаил Алексиевич,Росувастатин,1424-02-15,Chemical_45 Chemical_6 Chemical_78,Мираков_МА,CqpYKcoave
Коненкина Софья Леонидовна,Дектанол,1878-10-03,Chemical_24 Chemical_45 Chemical_72,Коненкина_СЛ,QnL3eNQFWv
Лисанский Илья Максимович,Индометацин,1653-09-17,Chemical_42 Chemical_85 Chemical_96,Лисанский_ИМ,XNdCTenUpP
Домашников Яков Юрьевич,Ингавирин,1222-03-06,Chemical_52 Chemical_85 Chemical_87,Домашников_ЯЮ,YftWsEq0QQ
Трошнин Павел Денисович,Парацетамол,1410-10-14,Chemical_75 Chemical_4 Chemical_52,Трошнин_ПД,mDqrQ73Hdv
Акимочкина Александра Аркадьевна,Ниссан,1755-10-23,Chemical_13 Chemical_37 Chemical_50,Акимочкина_АА,FgF4OVIcJ7
Бушина Софья Олеговна,Глюкозамин,1262-08-12,Chemical_62 Chemical_31 Chemical_84,Бушина_СО,5YGOgdO0VV
Коптикова Раиса Вадимовна,Небиволол,1613-07-27,Chemical_54 Chemical_59 Chemical_29,Коптикова_РВ,wysrHd1gWO
Матюшова Надежда Василевна,Сульфасалазин,1362-08-01,Chemical_95 Chemical_17 Chemical_93,Матюшова_НВ,srIzRjs2HD
Яйцев Григорий Петрович,Алпразолам,1829-04-02,Chemical_100 Chemical_29 Chemical_69,Яйцев_ГП,gcikJcvwcK
Пырькова Алина Викторовна,Вальтрекс,1704-12-07,Chemical_36 Chemical_68 Chemical_52,Пырькова_АВ,Te3xHdGaCh
Епанчина Клавдия Борисовна,Кладрибин,1451-07-16,Chemical_28 Chemical_71 Chemical_67,Епанчина_КБ,Hkz0wANnNJ
Михеюшкин Яков Игоревич,Тикалиптин,0905-03-24,Chemical_72 Chemical_18 Chemical_7,Михеюшкин_ЯИ,8qQLafhJcS
Гнуздев Евгений Яковлевич,Золедроновая кислота,2002-09-15,Chemical_27 Chemical_15 Chemical_14,Гнуздев_ЕЯ,htLjHmF9JV
Мятченкова Евгения Сергеевна,Омепразол,1273-04-07,Chemical_23 Chemical_29 Chemical_48,Мятченкова_ЕС,7pkTuktVD7
Оруджалиев Герасим Данилович,Рамиприл,0916-05-19,Chemical_33 Chemical_36 Chemical_98,Оруджалиев_ГД,76JqgpGI9R
Зыбинов Борис Тимофеевич,Парацетамол,1184-05-26,Chemical_41 Chemical_15 Chemical_54,Зыбинов_БТ,3fhLISwwzk
Лужинская Евгения Евгеньевна,Росувастатин,1217-08-04,Chemical_28 Chemical_3 Chemical_32,Лужинская_ЕЕ,lJuOXlW4la
Типтева София Богдановна,Омепразол,1056-08-24,Chemical_28 Chemical_97 Chemical_54,Типтева_СБ,ZQF2XONl9F
Маслеева Ольга Петровна,Пропанолол,1624-06-15,Chemical_63 Chemical_10 Chemical_59,Маслеева_ОП,5OpOaZ5vGZ
Чумакаев Денис Юриевич,Сульфасалазин,1852-09-27,Chemical_75 Chemical_27 Chemical_11,Чумакаев_ДЮ,NQDDyWqQFT
Микрюков Аркадий Антонович,Урсофальк,1797-03-12,Chemical_92 Chemical_86 Chemical_95,Микрюков_АА,RCYzGKDXNd
Пигунова Елизавета Федоровна,Триптаны,1546-12-10,Chemical_14 Chemical_68 Chemical_42,Пигунова_ЕФ,CHkL60mwxr
Ящикова Елизавета Максимовна,Бензоилпероксид,1887-05-26,Chemical_5 Chemical_18 Chemical_3,Ящикова_ЕМ,znKZ7QUiUy
Аиненков Роман Леонидович,Мелатонин,1625-10-28,Chemical_77 Chemical_76 Chemical_24,Аиненков_РЛ,wid7gEvIkA
Даданина Ксения Максимовна,Енап,0984-11-05,Chemical_4 Chemical_7 Chemical_89,Даданина_КМ,5QKSqnysms
Вазильева Марина Яковлевна,Валацикловир,1000-10-15,Chemical_31 Chemical_53 Chemical_1,Вазильева_МЯ,USDzGBn1Z5
Колокатов Владислав Вадимович,Лоразепам,1731-01-12,Chemical_63 Chemical_47 Chemical_21,Колокатов_ВВ,JZm3B9TlnY
Мадаминова Валерия Валерьевна,Транексамовая кислота,1219-09-11,Chemical_8 Chemical_80 Chemical_62,Мадаминова_ВВ,e26xMfCmQf
Ловгинская Оксана Богдановна,Итрафунгол,1517-02-21,Chemical_94 Chemical_29 Chemical_18,Ловгинская_ОБ,EfyHPUctRQ
Копнин Роман Юрьевич,Протоник,1148-05-10,Chemical_30 Chemical_53 Chemical_37,Копнин_РЮ,HYUTHznsQT
Бызин Александр Олегович,Тикалиптин,0953-10-01,Chemical_93 Chemical_26 Chemical_28,Бызин_АО,9wyxfd2sMn
Валяскина Раиса Леонидовна,Агонал,1355-01-24,Chemical_67 Chemical_61 Chemical_3,Валяскина_РЛ,6yaDsZSboq
Щекина Евгения Федоровна,Азитромицин,1555-01-19,Chemical_76 Chemical_69 Chemical_76,Щекина_ЕФ,3FesChpcg1
Лучшев Федор Алексеевич,Омега-3 кислоты,1231-01-14,Chemical_58 Chemical_87 Chemical_97,Лучшев_ФА,zqmkpney3j
Хубежев Никита Борисович,Небиволол,1175-06-13,Chemical_16 Chemical_71 Chemical_7,Хубежев_НБ,gQkPmDjY8S
Агакишиев Степан Алексеевич,Мифепристон,1911-06-06,Chemical_54 Chemical_89 Chemical_44,Агакишиев_СА,4afdXJaLKE
Сгонников Михаил Кириллович,Ингавирин,1463-01-04,Chemical_67 Chemical_21 Chemical_35,Сгонников_МК,zDTo8Lacs8
Гермоченов Аркадий Леонидович,Кетопрофен,1948-11-11,Chemical_74 Chemical_47 Chemical_87,Гермоченов_АЛ,sC0UFgqiWI
Анисинкова Катерина Аркадьевна,Золаир,1414-12-11,Chemical_95 Chemical_7 Chemical_50,Анисинкова_КА,Soz5hQbAUL
Тормасова Клавдия Дмитриевна,Омепразол,1559-05-19,Chemical_43 Chemical_18 Chemical_54,Тормасова_КД,h2MlatrTxO
Беклев Семён Яковлевич,Золедроновая кислота,1022-11-17,Chemical_54 Chemical_97 Chemical_80,Беклев_СЯ,bohPr3Zihz
Лузинов Вадим Михаилович,Дектанол,1537-12-04,Chemical_16 Chemical_83 Chemical_46,Лузинов_ВМ,TEzZjfLXt8
Мизельков Дмитрий Викторович,Виагра,1414-09-17,Chemical_29 Chemical_76 Chemical_67,Мизельков_ДВ,r2JPj09Tpr
Роговский Вадим Алексиевич,Иммунивит,1813-09-12,Chemical_99 Chemical_11 Chemical_30,Роговский_ВА,cQFqTrEOmq
Затолопин Семён Олегович,Жасмин,1988-08-23,Chemical_86 Chemical_34 Chemical_26,Затолопин_СО,64tBKErZX7
Кущенкова Алиса Михайловна,Бисопролол,1176-03-21,Chemical_77 Chemical_92 Chemical_31,Кущенкова_АМ,q5q6ZaFrc0
Хвощинская Катерина Федоровна,Золаир,0984-06-19,Chemical_8 Chemical_80 Chemical_30,Хвощинская_КФ,l9X2vjwrHg
Шадыкина Кристина Яковлевна,Габапентин,1115-03-22,Chemical_18 Chemical_15 Chemical_92,Шадыкина_КЯ,xLaL6GpvFr
Полхова Лариса Богдановна,Диклофенак,1391-04-27,Chemical_99 Chemical_70 Chemical_85,Полхова_ЛБ,WpLI39QtYy
Капланская Кристина Дмитриевна,Золекс,1616-09-13,Chemical_79 Chemical_52 Chemical_79,Капланская_КД,relXi0kUp8
Чушева Лиза Кирилловна,Кетопрофен,1839-02-24,Chemical_6 Chemical_55 Chemical_56,Чушева_ЛК,SXjm0RrE0M
Ахмярова Вероника Михайловна,Виагра,1363-05-21,Chemical_26 Chemical_28 Chemical_42,Ахмярова_ВМ,6Zvd9LfNSN
Ксынкин Кирилл Олегович,Евалар солгар мультивитамини,1915-03-18,Chemical_16 Chemical_27 Chemical_70,Ксынкин_КО,qoy29sxux8
Лантюгов Анатолий Адамович,Левофлоксацин,1760-06-01,Chemical_21 Chemical_72 Chemical_4,Лантюгов_АА,JFjKzl6qzB
Бложкина Анна Ивановна,Норматен,1557-07-05,Chemical_51 Chemical_67 Chemical_53,Бложкина_АИ,QGSEoGsqnd
Гейдаров Артур Викторович,Бензоилпероксид,1251-01-09,Chemical_71 Chemical_94 Chemical_67,Гейдаров_АВ,GQDP3VYIPX
Челинцев Александр Максимович,Алпразолам,1971-11-07,Chemical_52 Chemical_53 Chemical_81,Челинцев_АМ,QWftHOgnkT
Горшенин Анатолий Фёдорович,Нимесулид,1976-01-19,Chemical_7 Chemical_38 Chemical_13,Горшенин_АФ,IUMH05NTCb
Гомбожапов Андрей Юриевич,Пентоксифиллин,1060-03-13,Chemical_82 Chemical_78 Chemical_67,Гомбожапов_АЮ,PnBA3DeqHc
Беларова Вероника Михайловна,Бензоилпероксид,0979-04-08,Chemical_86 Chemical_62 Chemical_41,Беларова_ВМ,7rOHtdifzU
Шестимиров Михаил Фёдорович,Железа препараты,1887-03-13,Chemical_87 Chemical_67 Chemical_20,Шестимиров_МФ,0vtx1BhaWj
Масульская Инна Максимовна,Оланзапин,1286-04-02,Chemical_18 Chemical_9 Chemical_77,Масульская_ИМ,d6bxbopSGQ
Сергушова Ева Викторовна,Железа препараты,1858-03-15,Chemical_30 Chemical_69 Chemical_24,Сергушова_ЕВ,3WWkCPd1CW
Свецкая Наталья Ивановна,Диклофенак,1296-10-17,Chemical_63 Chemical_31 Chemical_40,Свецкая_НИ,kHOfq3hQL6
Пудинова Мария Андреевна,Сетирозин,0961-06-17,Chemical_26 Chemical_95 Chemical_60,Пудинова_МА,Sh75Vuciq8
Тихнова Ольга Богдановна,Глюкозамин,1124-07-15,Chemical_86 Chemical_62 Chemical_81,Тихнова_ОБ,up1tg5OzO1
Кофтерова Алёна Никитична,Левотироксин,1268-01-22,Chemical_99 Chemical_59 Chemical_84,Кофтерова_АН,R2Om21e20C
Модоров Яков Фёдорович,Агонал,1157-01-26,Chemical_43 Chemical_32 Chemical_25,Модоров_ЯФ,vOvH748XXN
